date,sentiment,Adj Close,Week_Number,month,year
2016-01-04,2,44.68199920654297,1,1,2016
2016-01-05,2,44.68600082397461,1,1,2016
2016-01-06,2,43.80799865722656,1,1,2016
2016-01-07,2,43.130001068115234,1,1,2016
2016-01-08,1,42.20000076293945,1,1,2016
2016-01-11,1,41.56999969482422,2,1,2016
2016-01-12,0,41.99399948120117,2,1,2016
2016-01-14,1,41.236000061035156,2,1,2016
2016-01-15,1,40.99800109863281,2,1,2016
2016-02-03,1,34.69599914550781,5,2,2016
2016-02-11,2,30.0939998626709,6,2,2016
2016-02-12,0,30.20800018310547,6,2,2016
2016-02-24,2,35.79999923706055,8,2,2016
2016-02-25,1,37.486000061035156,8,2,2016
2016-03-08,0,40.52000045776367,10,3,2016
2016-03-31,3,45.95399856567383,13,3,2016
2016-04-01,6,47.518001556396484,13,4,2016
2016-04-04,2,49.39799880981445,14,4,2016
2016-04-06,0,53.08399963378906,14,4,2016
2016-04-07,-2,51.439998626708984,14,4,2016
2016-04-11,1,49.98400115966797,15,4,2016
2016-04-14,0,50.37200164794922,15,4,2016
2016-04-15,0,50.902000427246094,15,4,2016
2016-04-19,1,49.4739990234375,16,4,2016
2016-04-20,1,49.99399948120117,16,4,2016
2016-04-28,1,49.54199981689453,17,4,2016
2016-04-29,1,48.152000427246094,17,4,2016
2016-05-05,-1,42.305999755859375,18,5,2016
2016-05-11,3,41.79199981689453,19,5,2016
2016-06-08,1,47.104000091552734,23,6,2016
2016-06-10,-1,43.757999420166016,23,6,2016
2016-06-17,1,43.09400177001953,24,6,2016
2016-06-21,0,43.922000885009766,25,6,2016
2016-06-22,1,39.332000732421875,25,6,2016
2016-07-05,1,42.79600143432617,27,7,2016
2016-07-20,0,45.672000885009766,29,7,2016
2016-07-21,2,44.099998474121094,29,7,2016
2016-07-22,0,44.45399856567383,29,7,2016
2016-08-10,1,45.130001068115234,32,8,2016
2016-08-16,1,44.72200012207031,33,8,2016
2016-08-24,1,44.52399826049805,34,8,2016
2016-08-25,0,44.19200134277344,34,8,2016
2016-08-29,-1,43.040000915527344,35,8,2016
2016-09-13,1,39.209999084472656,37,9,2016
2016-09-14,1,39.28200149536133,37,9,2016
2016-09-15,1,40.08399963378906,37,9,2016
2016-09-20,3,40.928001403808594,38,9,2016
2016-09-28,1,41.25400161743164,39,9,2016
2016-09-29,1,40.13999938964844,39,9,2016
2016-09-30,1,40.805999755859375,39,9,2016
2016-10-03,2,42.7400016784668,40,10,2016
2016-10-04,1,42.28200149536133,40,10,2016
2016-10-05,1,41.69200134277344,40,10,2016
2016-10-07,1,39.321998596191406,40,10,2016
2016-10-11,0,40.02000045776367,41,10,2016
2016-10-13,1,40.04800033569336,41,10,2016
2016-10-28,1,39.99399948120117,43,10,2016
2016-10-31,1,39.54600143432617,44,10,2016
2016-11-10,1,37.06999969482422,45,11,2016
2016-11-15,4,36.75400161743164,46,11,2016
2016-11-17,0,37.731998443603516,46,11,2016
2016-11-21,1,36.90399932861328,47,11,2016
2016-11-23,1,38.62799835205078,47,11,2016
2016-11-28,1,39.2239990234375,48,11,2016
2016-11-29,2,37.91400146484375,48,11,2016
2016-12-07,2,38.630001068115234,49,12,2016
2016-12-13,2,39.630001068115234,50,12,2016
2016-12-28,0,43.948001861572266,52,12,2016
2016-12-29,1,42.93600082397461,52,12,2016
2016-12-30,0,42.737998962402344,52,12,2016
2017-01-04,2,45.39799880981445,1,1,2017
2017-01-05,1,45.349998474121094,1,1,2017
2017-01-11,0,45.94599914550781,2,1,2017
2017-01-12,0,45.917999267578125,2,1,2017
2017-01-18,0,47.672000885009766,3,1,2017
2017-01-24,1,50.922000885009766,4,1,2017
2017-01-30,0,50.125999450683594,5,1,2017
2017-02-02,0,50.310001373291016,5,2,2017
2017-02-15,1,55.95199966430664,7,2,2017
2017-02-21,0,55.47800064086914,8,2,2017
2017-02-22,1,54.70199966430664,8,2,2017
2017-02-24,-1,51.400001525878906,8,2,2017
2017-03-06,1,50.242000579833984,10,3,2017
2017-03-07,1,49.71799850463867,10,3,2017
2017-03-08,2,49.374000549316406,10,3,2017
2017-03-13,0,49.23400115966797,11,3,2017
2017-03-24,1,52.63199996948242,12,3,2017
2017-03-29,3,55.47600173950195,13,3,2017
2017-03-30,0,55.58399963378906,13,3,2017
2017-04-03,2,59.70399856567383,14,4,2017
2017-04-04,1,60.7400016784668,14,4,2017
2017-04-05,1,59.0,14,4,2017
2017-04-06,1,59.7400016784668,14,4,2017
2017-04-10,1,62.47800064086914,15,4,2017
2017-04-11,-1,61.742000579833984,15,4,2017
2017-04-12,1,59.36800003051758,15,4,2017
2017-04-13,2,60.79999923706055,15,4,2017
2017-04-19,1,61.104000091552734,16,4,2017
2017-04-21,1,61.119998931884766,16,4,2017
2017-04-26,1,62.034000396728516,17,4,2017
2017-05-05,-1,61.66999816894531,18,5,2017
2017-05-08,4,61.4379997253418,19,5,2017
2017-05-09,2,64.25199890136719,19,5,2017
2017-05-11,-1,64.62000274658203,19,5,2017
2017-05-17,1,61.22200012207031,20,5,2017
2017-05-18,-1,62.61199951171875,20,5,2017
2017-05-26,-1,65.02799987792969,21,5,2017
2017-05-31,2,68.2020034790039,22,5,2017
2017-06-02,1,67.97000122070312,22,6,2017
2017-06-05,1,69.46399688720703,23,6,2017
2017-06-09,-1,71.46399688720703,23,6,2017
2017-06-12,1,71.802001953125,24,6,2017
2017-06-14,2,76.13200378417969,24,6,2017
2017-06-20,1,74.447998046875,25,6,2017
2017-06-21,1,75.27999877929688,25,6,2017
2017-06-22,1,76.52200317382812,25,6,2017
2017-07-03,5,70.52400207519531,27,7,2017
2017-07-05,2,65.41799926757812,27,7,2017
2017-07-06,3,61.76599884033203,27,7,2017
2017-07-07,1,62.64400100708008,27,7,2017
2017-07-10,10,63.209999084472656,28,7,2017
2017-07-11,0,65.44400024414062,28,7,2017
2017-07-12,0,65.90399932861328,28,7,2017
2017-07-13,1,64.68199920654297,28,7,2017
2017-07-24,2,68.50399780273438,30,7,2017
2017-07-25,2,67.91999816894531,30,7,2017
2017-07-26,2,68.7699966430664,30,7,2017
2017-07-27,2,66.89199829101562,30,7,2017
2017-07-28,2,67.01399993896484,30,7,2017
2017-08-02,0,65.1780014038086,31,8,2017
2017-08-08,1,73.04399871826172,32,8,2017
2017-08-11,1,71.5739974975586,32,8,2017
2017-08-14,1,72.76000213623047,33,8,2017
2017-08-15,1,72.46600341796875,33,8,2017
2017-08-17,1,70.38400268554688,33,8,2017
2017-08-21,-1,67.5719985961914,34,8,2017
2017-08-23,1,70.55400085449219,34,8,2017
2017-08-24,1,70.58599853515625,34,8,2017
2017-08-28,1,69.13200378417969,35,8,2017
2017-08-31,1,71.18000030517578,35,8,2017
2017-09-06,5,68.90599822998047,36,9,2017
2017-09-07,1,70.12200164794922,36,9,2017
2017-09-11,0,72.73799896240234,37,9,2017
2017-09-13,1,73.24600219726562,37,9,2017
2017-09-14,2,75.52799987792969,37,9,2017
2017-09-18,1,77.0,38,9,2017
2017-09-19,1,75.0199966430664,38,9,2017
2017-09-20,1,74.78199768066406,38,9,2017
2017-09-25,3,68.99800109863281,39,9,2017
2017-09-26,1,69.05000305175781,39,9,2017
2017-09-27,2,68.19400024414062,39,9,2017
2017-09-28,1,67.91999816894531,39,9,2017
2017-10-02,0,68.30599975585938,40,10,2017
2017-10-03,1,69.62799835205078,40,10,2017
2017-10-04,1,71.00199890136719,40,10,2017
2017-10-06,1,71.3759994506836,40,10,2017
2017-10-09,0,68.58799743652344,41,10,2017
2017-10-12,1,71.13600158691406,41,10,2017
2017-10-13,1,71.11399841308594,41,10,2017
2017-10-18,1,71.93000030517578,42,10,2017
2017-10-23,0,67.40399932861328,43,10,2017
2017-10-24,1,67.46800231933594,43,10,2017
2017-10-26,2,65.23400115966797,43,10,2017
2017-10-30,-1,64.01599884033203,44,10,2017
2017-11-01,1,64.21600341796875,44,11,2017
2017-11-02,0,59.85200119018555,44,11,2017
2017-11-03,1,61.21799850463867,44,11,2017
2017-11-07,1,61.209999084472656,45,11,2017
2017-11-09,0,60.597999572753906,45,11,2017
2017-11-14,-1,61.7400016784668,46,11,2017
2017-11-15,0,62.2599983215332,46,11,2017
2017-11-17,6,63.0099983215332,46,11,2017
2017-11-24,1,63.11000061035156,47,11,2017
2017-11-27,1,63.36199951171875,48,11,2017
2017-11-28,2,63.5099983215332,48,11,2017
2017-11-29,-1,61.507999420166016,48,11,2017
2017-11-30,-1,61.77000045776367,48,11,2017
2017-12-01,2,61.305999755859375,48,12,2017
2017-12-04,0,61.040000915527344,49,12,2017
2017-12-06,1,62.652000427246094,49,12,2017
2017-12-11,0,65.78199768066406,50,12,2017
2017-12-13,1,67.80599975585938,50,12,2017
2017-12-14,2,67.5780029296875,50,12,2017
2017-12-18,1,67.77400207519531,51,12,2017
2017-12-19,3,66.22000122070312,51,12,2017
2017-12-22,2,65.04000091552734,51,12,2017
2017-12-26,1,63.45800018310547,52,12,2017
2017-12-27,1,62.327999114990234,52,12,2017
2017-12-28,0,63.071998596191406,52,12,2017
2017-12-29,-1,62.27000045776367,52,12,2017
2018-01-02,0,64.10600280761719,1,1,2018
2018-01-03,2,63.45000076293945,1,1,2018
2018-01-04,1,62.92399978637695,1,1,2018
2018-01-05,1,63.316001892089844,1,1,2018
2018-01-08,0,67.28199768066406,2,1,2018
2018-01-09,6,66.73799896240234,2,1,2018
2018-01-10,1,66.95999908447266,2,1,2018
2018-01-16,0,68.01200103759766,3,1,2018
2018-01-17,1,69.43199920654297,3,1,2018
2018-01-18,0,68.91400146484375,3,1,2018
2018-01-19,1,70.00399780273438,3,1,2018
2018-01-22,2,70.31199645996094,4,1,2018
2018-01-24,0,69.1780014038086,4,1,2018
2018-01-29,1,69.90599822998047,5,1,2018
2018-01-30,2,69.16400146484375,5,1,2018
2018-01-31,1,70.86199951171875,5,1,2018
2018-02-01,1,69.8499984741211,5,2,2018
2018-02-02,1,68.75,5,2,2018
2018-02-05,3,66.6259994506836,6,2,2018
2018-02-06,2,66.79399871826172,6,2,2018
2018-02-07,-1,69.0,6,2,2018
2018-02-08,0,63.04600143432617,6,2,2018
2018-02-09,0,62.08399963378906,6,2,2018
2018-02-12,0,63.145999908447266,7,2,2018
2018-02-13,0,64.73200225830078,7,2,2018
2018-02-20,1,66.9540023803711,8,2,2018
2018-02-22,-1,69.23400115966797,8,2,2018
2018-02-23,1,70.41000366210938,8,2,2018
2018-02-26,1,71.48400115966797,9,2,2018
2018-02-27,-1,70.197998046875,9,2,2018
2018-02-28,2,68.61199951171875,9,2,2018
2018-03-01,3,66.18599700927734,9,3,2018
2018-03-02,1,67.02400207519531,9,3,2018
2018-03-06,1,65.63999938964844,10,3,2018
2018-03-07,-1,66.45999908447266,10,3,2018
2018-03-09,1,65.43399810791016,10,3,2018
2018-03-12,0,69.10199737548828,11,3,2018
2018-03-13,2,68.36799621582031,11,3,2018
2018-03-14,2,65.32599639892578,11,3,2018
2018-03-15,2,65.12000274658203,11,3,2018
2018-03-16,0,64.2699966430664,11,3,2018
2018-03-19,0,62.71200180053711,12,3,2018
2018-03-20,0,62.11000061035156,12,3,2018
2018-03-22,0,61.81999969482422,12,3,2018
2018-03-23,1,60.30799865722656,12,3,2018
2018-03-26,0,60.83599853515625,13,3,2018
2018-03-27,0,55.83599853515625,13,3,2018
2018-03-28,-1,51.555999755859375,13,3,2018
2018-04-02,-1,50.49599838256836,14,4,2018
2018-04-03,1,53.50600051879883,14,4,2018
2018-04-06,1,59.86000061035156,14,4,2018
2018-04-09,2,57.93199920654297,15,4,2018
2018-04-10,0,60.939998626708984,15,4,2018
2018-04-11,0,60.18600082397461,15,4,2018
2018-04-13,0,60.06800079345703,15,4,2018
2018-04-16,1,58.242000579833984,16,4,2018
2018-04-17,1,57.53799819946289,16,4,2018
2018-04-18,1,58.66999816894531,16,4,2018
2018-04-19,0,60.01599884033203,16,4,2018
2018-04-20,0,58.04800033569336,16,4,2018
2018-04-24,1,56.69200134277344,17,4,2018
2018-04-26,1,57.09600067138672,17,4,2018
2018-04-27,1,58.816001892089844,17,4,2018
2018-04-30,-1,58.779998779296875,18,4,2018
2018-05-02,0,60.22999954223633,18,5,2018
2018-05-03,0,56.88999938964844,18,5,2018
2018-05-04,3,58.81800079345703,18,5,2018
2018-05-07,0,60.55400085449219,19,5,2018
2018-05-08,-1,60.39400100708008,19,5,2018
2018-05-09,0,61.369998931884766,19,5,2018
2018-05-10,1,61.00400161743164,19,5,2018
2018-05-11,2,60.21200180053711,19,5,2018
2018-05-14,0,58.39400100708008,20,5,2018
2018-05-15,1,56.83599853515625,20,5,2018
2018-05-16,1,57.29600143432617,20,5,2018
2018-05-17,-1,56.90800094604492,20,5,2018
2018-05-21,1,56.89799880981445,21,5,2018
2018-05-22,1,55.00199890136719,21,5,2018
2018-05-23,-2,55.81399917602539,21,5,2018
2018-05-25,0,55.77000045776367,21,5,2018
2018-05-29,0,56.75199890136719,22,5,2018
2018-05-30,1,58.34400177001953,22,5,2018
2018-06-01,0,58.36399841308594,22,6,2018
2018-06-04,0,59.347999572753906,23,6,2018
2018-06-05,1,58.22600173950195,23,6,2018
2018-06-06,3,63.900001525878906,23,6,2018
2018-06-07,0,63.21799850463867,23,6,2018
2018-06-08,4,63.53200149536133,23,6,2018
2018-06-11,0,66.41999816894531,24,6,2018
2018-06-12,0,68.55400085449219,24,6,2018
2018-06-13,1,68.95600128173828,24,6,2018
2018-06-14,1,71.54399871826172,24,6,2018
2018-06-15,-1,71.63400268554688,24,6,2018
2018-06-18,0,74.16600036621094,25,6,2018
2018-06-19,1,70.51000213623047,25,6,2018
2018-06-20,-1,72.44400024414062,25,6,2018
2018-06-21,1,69.50199890136719,25,6,2018
2018-06-22,2,66.72599792480469,25,6,2018
2018-06-25,0,66.60199737548828,26,6,2018
2018-06-26,1,68.4000015258789,26,6,2018
2018-06-27,1,68.9000015258789,26,6,2018
2018-06-28,-1,69.98600006103516,26,6,2018
2018-06-29,1,68.58999633789062,26,6,2018
2018-07-03,1,62.172000885009766,27,7,2018
2018-07-05,1,61.832000732421875,27,7,2018
2018-07-06,-1,61.779998779296875,27,7,2018
2018-07-09,0,63.70199966430664,28,7,2018
2018-07-10,1,64.49400329589844,28,7,2018
2018-07-11,1,63.79199981689453,28,7,2018
2018-07-12,2,63.34199905395508,28,7,2018
2018-07-13,1,63.77399826049805,28,7,2018
2018-07-16,2,62.02000045776367,29,7,2018
2018-07-17,0,64.53800201416016,29,7,2018
2018-07-18,2,64.7699966430664,29,7,2018
2018-07-19,2,64.0459976196289,29,7,2018
2018-07-20,0,62.715999603271484,29,7,2018
2018-07-23,0,60.63999938964844,30,7,2018
2018-07-24,-1,59.486000061035156,30,7,2018
2018-07-25,4,61.74800109863281,30,7,2018
2018-07-26,0,61.33000183105469,30,7,2018
2018-07-27,1,59.43600082397461,30,7,2018
2018-07-31,0,59.62799835205078,31,7,2018
2018-08-01,0,60.167999267578125,31,8,2018
2018-08-02,2,69.90799713134766,31,8,2018
2018-08-03,3,69.63400268554688,31,8,2018
2018-08-06,1,68.39800262451172,32,8,2018
2018-08-07,6,75.91400146484375,32,8,2018
2018-08-08,-1,74.06800079345703,32,8,2018
2018-08-09,-3,70.48999786376953,32,8,2018
2018-08-10,3,71.0979995727539,32,8,2018
2018-08-13,-1,71.28199768066406,33,8,2018
2018-08-14,1,69.52799987792969,33,8,2018
2018-08-15,1,67.73799896240234,33,8,2018
2018-08-16,1,67.08999633789062,33,8,2018
2018-08-17,0,61.099998474121094,33,8,2018
2018-08-20,0,61.6879997253418,34,8,2018
2018-08-21,2,64.37999725341797,34,8,2018
2018-08-23,1,64.0199966430664,34,8,2018
2018-08-24,6,64.56400299072266,34,8,2018
2018-08-27,0,63.854000091552734,35,8,2018
2018-08-28,0,62.37200164794922,35,8,2018
2018-08-29,2,61.00199890136719,35,8,2018
2018-08-30,1,60.630001068115234,35,8,2018
2018-08-31,1,60.332000732421875,35,8,2018
2018-09-04,11,57.790000915527344,36,9,2018
2018-09-05,4,56.14799880981445,36,9,2018
2018-09-06,1,56.189998626708984,36,9,2018
2018-09-07,-2,52.64799880981445,36,9,2018
2018-09-10,3,57.099998474121094,37,9,2018
2018-09-11,0,55.88800048828125,37,9,2018
2018-09-12,2,58.108001708984375,37,9,2018
2018-09-13,1,57.891998291015625,37,9,2018
2018-09-14,1,59.040000915527344,37,9,2018
2018-09-17,3,58.96799850463867,38,9,2018
2018-09-18,3,56.992000579833984,38,9,2018
2018-09-19,4,59.80400085449219,38,9,2018
2018-09-20,2,59.66600036621094,38,9,2018
2018-09-21,1,59.81999969482422,38,9,2018
2018-09-24,0,59.93600082397461,39,9,2018
2018-09-25,2,60.198001861572266,39,9,2018
2018-09-26,2,61.91600036621094,39,9,2018
2018-09-27,0,61.50400161743164,39,9,2018
2018-09-28,0,52.95399856567383,39,9,2018
2018-10-01,-1,62.13999938964844,40,10,2018
2018-10-02,3,60.20399856567383,40,10,2018
2018-10-03,5,58.959999084472656,40,10,2018
2018-10-04,5,56.36600112915039,40,10,2018
2018-10-05,1,52.38999938964844,40,10,2018
2018-10-08,1,50.11199951171875,41,10,2018
2018-10-09,3,52.560001373291016,41,10,2018
2018-10-10,1,51.375999450683594,41,10,2018
2018-10-11,-1,50.44599914550781,41,10,2018
2018-10-12,3,51.75600051879883,41,10,2018
2018-10-15,0,51.917999267578125,42,10,2018
2018-10-16,1,55.31800079345703,42,10,2018
2018-10-17,1,54.35599899291992,42,10,2018
2018-10-18,1,52.78200149536133,42,10,2018
2018-10-19,1,52.0,42,10,2018
2018-10-22,-1,52.189998626708984,43,10,2018
2018-10-23,1,58.827999114990234,43,10,2018
2018-10-24,1,57.70000076293945,43,10,2018
2018-10-25,-1,62.97200012207031,43,10,2018
2018-10-26,1,66.18000030517578,43,10,2018
2018-10-29,1,66.97000122070312,44,10,2018
2018-10-30,-1,65.9800033569336,44,10,2018
2018-10-31,1,67.46399688720703,44,10,2018
2018-11-01,2,68.85600280761719,44,11,2018
2018-11-02,1,69.28199768066406,44,11,2018
2018-11-05,1,68.27999877929688,45,11,2018
2018-11-06,1,68.21199798583984,45,11,2018
2018-11-07,1,69.63200378417969,45,11,2018
2018-11-08,5,70.27999877929688,45,11,2018
2018-11-09,2,70.10199737548828,45,11,2018
2018-11-12,1,66.25599670410156,46,11,2018
2018-11-15,0,69.68800354003906,46,11,2018
2018-11-19,2,70.69400024414062,47,11,2018
2018-11-20,1,69.49800109863281,47,11,2018
2018-11-23,0,65.16600036621094,47,11,2018
2018-11-26,2,69.19999694824219,48,11,2018
2018-11-27,1,68.78399658203125,48,11,2018
2018-11-28,0,69.5739974975586,48,11,2018
2018-11-29,4,68.23400115966797,48,11,2018
2018-11-30,1,70.09600067138672,48,11,2018
2018-12-03,1,71.697998046875,49,12,2018
2018-12-04,0,71.94000244140625,49,12,2018
2018-12-07,-1,71.59400177001953,49,12,2018
2018-12-10,0,73.02999877929688,50,12,2018
2018-12-11,-1,73.35199737548828,50,12,2018
2018-12-12,2,73.31999969482422,50,12,2018
2018-12-13,4,75.35800170898438,50,12,2018
2018-12-14,1,73.14199829101562,50,12,2018
2018-12-18,0,67.40599822998047,51,12,2018
2018-12-19,-1,66.59400177001953,51,12,2018
2018-12-20,1,63.07600021362305,51,12,2018
2018-12-24,-2,59.077999114990234,52,12,2018
2018-12-26,-2,65.21800231933594,52,12,2018
2018-12-27,-1,63.22600173950195,52,12,2018
2018-12-28,2,66.77400207519531,52,12,2018
2018-12-31,0,66.55999755859375,1,12,2018
2019-01-02,3,62.02399826049805,1,1,2019
2019-01-03,2,60.071998596191406,1,1,2019
2019-01-04,-1,63.53799819946289,1,1,2019
2019-01-07,7,66.99199676513672,2,1,2019
2019-01-08,8,67.06999969482422,2,1,2019
2019-01-09,4,67.70600128173828,2,1,2019
2019-01-10,2,68.99400329589844,2,1,2019
2019-01-11,2,69.4520034790039,2,1,2019
2019-01-14,1,66.87999725341797,3,1,2019
2019-01-15,1,68.88600158691406,3,1,2019
2019-01-16,0,69.20999908447266,3,1,2019
2019-01-18,2,60.45199966430664,3,1,2019
2019-01-22,-2,59.784000396728516,4,1,2019
2019-01-23,1,57.518001556396484,4,1,2019
2019-01-24,2,58.301998138427734,4,1,2019
2019-01-25,1,59.40800094604492,4,1,2019
2019-01-28,3,59.2760009765625,5,1,2019
2019-01-29,3,59.492000579833984,5,1,2019
2019-01-30,1,61.75400161743164,5,1,2019
2019-01-31,1,61.40399932861328,5,1,2019
2019-02-01,3,62.44200134277344,5,2,2019
2019-02-04,0,62.577999114990234,6,2,2019
2019-02-05,2,64.2699966430664,6,2,2019
2019-02-06,1,63.444000244140625,6,2,2019
2019-02-07,2,61.50199890136719,6,2,2019
2019-02-08,0,61.15999984741211,6,2,2019
2019-02-11,0,62.56800079345703,7,2,2019
2019-02-12,0,62.36199951171875,7,2,2019
2019-02-13,0,61.63399887084961,7,2,2019
2019-02-14,0,60.75400161743164,7,2,2019
2019-02-15,2,61.57600021362305,7,2,2019
2019-02-19,1,61.12799835205078,8,2,2019
2019-02-20,1,60.512001037597656,8,2,2019
2019-02-21,2,58.24599838256836,8,2,2019
2019-02-22,1,58.94200134277344,8,2,2019
2019-02-25,3,59.75400161743164,9,2,2019
2019-02-26,0,59.571998596191406,9,2,2019
2019-02-27,4,62.948001861572266,9,2,2019
2019-02-28,1,63.97600173950195,9,2,2019
2019-03-01,4,58.95800018310547,9,3,2019
2019-03-04,0,57.071998596191406,10,3,2019
2019-03-05,0,55.30799865722656,10,3,2019
2019-03-06,3,55.24800109863281,10,3,2019
2019-03-07,1,55.31800079345703,10,3,2019
2019-03-08,0,56.827999114990234,10,3,2019
2019-03-11,2,58.183998107910156,11,3,2019
2019-03-12,2,56.672000885009766,11,3,2019
2019-03-13,1,57.79199981689453,11,3,2019
2019-03-14,5,57.992000579833984,11,3,2019
2019-03-15,0,55.08599853515625,11,3,2019
2019-03-18,1,53.89799880981445,12,3,2019
2019-03-19,4,53.49399948120117,12,3,2019
2019-03-20,2,54.720001220703125,12,3,2019
2019-03-21,1,54.80400085449219,12,3,2019
2019-03-25,1,52.08399963378906,13,3,2019
2019-03-26,0,53.55400085449219,13,3,2019
2019-03-27,1,54.965999603271484,13,3,2019
2019-03-28,2,55.7239990234375,13,3,2019
2019-03-29,-1,55.97200012207031,13,3,2019
2019-04-01,5,57.83599853515625,14,4,2019
2019-04-02,3,57.17599868774414,14,4,2019
2019-04-03,0,58.36199951171875,14,4,2019
2019-04-04,2,53.555999755859375,14,4,2019
2019-04-05,2,54.992000579833984,14,4,2019
2019-04-08,3,54.63999938964844,15,4,2019
2019-04-09,4,54.46200180053711,15,4,2019
2019-04-10,-1,55.21200180053711,15,4,2019
2019-04-11,0,53.683998107910156,15,4,2019
2019-04-12,0,53.540000915527344,15,4,2019
2019-04-15,-1,53.2760009765625,16,4,2019
2019-04-16,3,54.672000885009766,16,4,2019
2019-04-17,-1,54.24599838256836,16,4,2019
2019-04-18,1,54.652000427246094,16,4,2019
2019-04-22,1,52.54999923706055,17,4,2019
2019-04-23,3,52.779998779296875,17,4,2019
2019-04-24,2,51.731998443603516,17,4,2019
2019-04-25,0,49.5260009765625,17,4,2019
2019-04-26,-1,47.02799987792969,17,4,2019
2019-04-29,3,48.29399871826172,18,4,2019
2019-04-30,3,47.737998962402344,18,4,2019
2019-05-01,3,46.801998138427734,18,5,2019
2019-05-02,1,48.81999969482422,18,5,2019
2019-05-03,0,51.00600051879883,18,5,2019
2019-05-06,0,51.06800079345703,19,5,2019
2019-05-07,-1,49.4119987487793,19,5,2019
2019-05-08,0,48.96799850463867,19,5,2019
2019-05-09,2,48.395999908447266,19,5,2019
2019-05-10,0,47.90399932861328,19,5,2019
2019-05-13,0,45.402000427246094,20,5,2019
2019-05-14,3,46.46200180053711,20,5,2019
2019-05-15,2,46.38999938964844,20,5,2019
2019-05-16,0,45.66600036621094,20,5,2019
2019-05-17,-1,42.20600128173828,20,5,2019
2019-05-20,3,41.071998596191406,21,5,2019
2019-05-21,2,41.01599884033203,21,5,2019
2019-05-22,0,38.54600143432617,21,5,2019
2019-05-23,0,39.097999572753906,21,5,2019
2019-05-24,-1,38.125999450683594,21,5,2019
2019-05-28,1,37.7400016784668,22,5,2019
2019-05-29,2,37.97200012207031,22,5,2019
2019-05-30,2,37.64400100708008,22,5,2019
2019-05-31,1,37.03200149536133,22,5,2019
2019-06-03,1,35.79399871826172,23,6,2019
2019-06-04,1,38.720001220703125,23,6,2019
2019-06-05,1,39.31800079345703,23,6,2019
2019-06-06,1,41.189998626708984,23,6,2019
2019-06-07,-1,40.900001525878906,23,6,2019
2019-06-10,4,42.57600021362305,24,6,2019
2019-06-11,-1,43.41999816894531,24,6,2019
2019-06-12,4,41.85200119018555,24,6,2019
2019-06-13,0,42.78200149536133,24,6,2019
2019-06-14,1,42.98400115966797,24,6,2019
2019-06-17,1,45.00600051879883,25,6,2019
2019-06-18,-2,44.948001861572266,25,6,2019
2019-06-19,2,45.2859992980957,25,6,2019
2019-06-20,3,43.92399978637695,25,6,2019
2019-06-21,1,44.37200164794922,25,6,2019
2019-06-24,-2,44.72800064086914,26,6,2019
2019-06-25,1,43.95199966430664,26,6,2019
2019-06-26,-1,43.854000091552734,26,6,2019
2019-06-27,-1,44.56800079345703,26,6,2019
2019-06-28,-1,44.69200134277344,26,6,2019
2019-07-01,0,45.433998107910156,27,7,2019
2019-07-02,3,44.90999984741211,27,7,2019
2019-07-03,-1,46.97999954223633,27,7,2019
2019-07-05,2,46.619998931884766,27,7,2019
2019-07-08,-1,46.06800079345703,28,7,2019
2019-07-09,1,46.012001037597656,28,7,2019
2019-07-10,1,47.784000396728516,28,7,2019
2019-07-11,1,47.720001220703125,28,7,2019
2019-07-12,1,49.01599884033203,28,7,2019
2019-07-15,2,50.70000076293945,29,7,2019
2019-07-16,-1,50.47600173950195,29,7,2019
2019-07-17,1,50.97200012207031,29,7,2019
2019-07-18,1,50.70800018310547,29,7,2019
2019-07-19,2,51.63600158691406,29,7,2019
2019-07-22,0,51.13600158691406,30,7,2019
2019-07-23,0,52.034000396728516,30,7,2019
2019-07-24,1,52.97600173950195,30,7,2019
2019-07-25,0,45.763999938964844,30,7,2019
2019-07-26,0,45.608001708984375,30,7,2019
2019-07-29,1,47.15399932861328,31,7,2019
2019-07-30,0,48.45199966430664,31,7,2019
2019-07-31,2,48.321998596191406,31,7,2019
2019-08-01,1,46.77000045776367,31,8,2019
2019-08-02,3,46.86800003051758,31,8,2019
2019-08-06,2,46.150001525878906,32,8,2019
2019-08-07,0,46.683998107910156,32,8,2019
2019-08-08,-2,47.65999984741211,32,8,2019
2019-08-09,2,47.00199890136719,32,8,2019
2019-08-12,0,45.801998138427734,33,8,2019
2019-08-13,0,47.0,33,8,2019
2019-08-14,0,43.92399978637695,33,8,2019
2019-08-15,4,43.12799835205078,33,8,2019
2019-08-16,2,43.987998962402344,33,8,2019
2019-08-19,3,45.36600112915039,34,8,2019
2019-08-20,-1,45.172000885009766,34,8,2019
2019-08-21,0,44.16600036621094,34,8,2019
2019-08-22,0,44.43000030517578,34,8,2019
2019-08-23,0,42.279998779296875,34,8,2019
2019-08-26,1,43.0,35,8,2019
2019-08-27,0,42.816001892089844,35,8,2019
2019-08-28,0,43.11800003051758,35,8,2019
2019-08-29,2,44.34199905395508,35,8,2019
2019-08-30,0,45.12200164794922,35,8,2019
2019-09-03,-1,45.00199890136719,36,9,2019
2019-09-04,11,44.13600158691406,36,9,2019
2019-09-05,5,45.91600036621094,36,9,2019
2019-09-06,6,45.4900016784668,36,9,2019
2019-09-09,3,46.358001708984375,37,9,2019
2019-09-10,5,47.108001708984375,37,9,2019
2019-09-11,0,49.41999816894531,37,9,2019
2019-09-12,0,49.17399978637695,37,9,2019
2019-09-13,3,49.040000915527344,37,9,2019
2019-09-16,3,48.5620002746582,38,9,2019
2019-09-17,-1,48.95800018310547,38,9,2019
2019-09-18,2,48.698001861572266,38,9,2019
2019-09-19,3,49.31999969482422,38,9,2019
2019-09-20,0,48.124000549316406,38,9,2019
2019-09-23,-1,48.24599838256836,39,9,2019
2019-09-24,1,44.641998291015625,39,9,2019
2019-09-25,4,45.7400016784668,39,9,2019
2019-09-26,-3,48.512001037597656,39,9,2019
2019-09-27,-1,48.42599868774414,39,9,2019
2019-09-30,0,48.17399978637695,40,9,2019
2019-10-01,5,48.9379997253418,40,10,2019
2019-10-02,3,48.625999450683594,40,10,2019
2019-10-03,0,46.60599899291992,40,10,2019
2019-10-04,1,46.2859992980957,40,10,2019
2019-10-07,1,47.54399871826172,41,10,2019
2019-10-08,4,48.0099983215332,41,10,2019
2019-10-09,-3,48.90599822998047,41,10,2019
2019-10-10,1,48.948001861572266,41,10,2019
2019-10-11,-3,49.577999114990234,41,10,2019
2019-10-14,1,51.391998291015625,42,10,2019
2019-10-15,-3,51.577999114990234,42,10,2019
2019-10-16,1,51.95000076293945,42,10,2019
2019-10-17,2,52.39400100708008,42,10,2019
2019-10-18,2,51.38999938964844,42,10,2019
2019-10-21,6,50.70000076293945,43,10,2019
2019-10-22,1,51.11600112915039,43,10,2019
2019-10-23,-2,50.93600082397461,43,10,2019
2019-10-24,3,59.93600082397461,43,10,2019
2019-10-25,1,65.6259994506836,43,10,2019
2019-10-28,2,65.54199981689453,44,10,2019
2019-10-29,2,63.24399948120117,44,10,2019
2019-10-30,0,63.00199890136719,44,10,2019
2019-10-31,2,62.98400115966797,44,10,2019
2019-11-01,1,62.6619987487793,44,11,2019
2019-11-04,1,63.49399948120117,45,11,2019
2019-11-05,0,63.444000244140625,45,11,2019
2019-11-06,0,65.31600189208984,45,11,2019
2019-11-07,1,67.10800170898438,45,11,2019
2019-11-08,1,67.4280014038086,45,11,2019
2019-11-11,2,69.01799774169922,46,11,2019
2019-11-12,4,69.98600006103516,46,11,2019
2019-11-13,3,69.22200012207031,46,11,2019
2019-11-14,5,69.87000274658203,46,11,2019
2019-11-15,1,70.43399810791016,46,11,2019
2019-11-18,2,69.99800109863281,47,11,2019
2019-11-19,0,71.90399932861328,47,11,2019
2019-11-20,0,70.44400024414062,47,11,2019
2019-11-21,0,70.96600341796875,47,11,2019
2019-11-22,-4,66.60800170898438,47,11,2019
2019-11-25,-1,67.26799774169922,48,11,2019
2019-11-26,1,65.78399658203125,48,11,2019
2019-11-27,-1,66.25800323486328,48,11,2019
2019-11-29,1,65.98799896240234,48,11,2019
2019-12-02,0,66.9739990234375,49,12,2019
2019-12-03,1,67.23999786376953,49,12,2019
2019-12-04,1,66.60600280761719,49,12,2019
2019-12-05,0,66.0739974975586,49,12,2019
2019-12-06,2,67.1780014038086,49,12,2019
2019-12-09,1,67.90599822998047,50,12,2019
2019-12-10,0,69.76799774169922,50,12,2019
2019-12-11,0,70.54000091552734,50,12,2019
2019-12-12,2,71.93599700927734,50,12,2019
2019-12-13,1,71.6780014038086,50,12,2019
2019-12-16,0,76.30000305175781,51,12,2019
2019-12-17,-1,75.7979965209961,51,12,2019
2019-12-18,2,78.62999725341797,51,12,2019
2019-12-19,3,80.80799865722656,51,12,2019
2019-12-20,4,81.11799621582031,51,12,2019
2019-12-23,2,83.84400177001953,52,12,2019
2019-12-24,-1,85.05000305175781,52,12,2019
2019-12-26,-3,86.18800354003906,52,12,2019
2019-12-27,3,86.07599639892578,52,12,2019
2019-12-30,1,82.94000244140625,1,12,2019
2019-12-31,1,83.66600036621094,1,12,2019
2020-01-02,0,86.052001953125,1,1,2020
2020-01-03,2,88.60199737548828,1,1,2020
2020-01-06,1,90.30799865722656,2,1,2020
2020-01-07,10,93.81199645996094,2,1,2020
2020-01-08,3,98.4280014038086,2,1,2020
2020-01-09,0,96.26799774169922,2,1,2020
2020-01-10,0,95.62999725341797,2,1,2020
2020-01-13,-2,104.97200012207031,3,1,2020
2020-01-14,1,107.58399963378906,3,1,2020
2020-01-15,2,103.69999694824219,3,1,2020
2020-01-16,0,102.697998046875,3,1,2020
2020-01-17,1,102.0999984741211,3,1,2020
2020-01-21,3,109.44000244140625,4,1,2020
2020-01-22,4,113.91200256347656,4,1,2020
2020-01-23,1,114.44000244140625,4,1,2020
2020-01-24,1,112.96399688720703,4,1,2020
2020-01-27,5,111.60399627685547,5,1,2020
2020-01-28,2,113.37999725341797,5,1,2020
2020-01-29,2,116.197998046875,5,1,2020
2020-01-30,2,128.16200256347656,5,1,2020
2020-01-31,1,130.11399841308594,5,1,2020
2020-02-03,0,156.0,6,2,2020
2020-02-04,3,177.41200256347656,6,2,2020
2020-02-05,1,146.94000244140625,6,2,2020
2020-02-06,1,149.79200744628906,6,2,2020
2020-02-07,-1,149.61399841308594,6,2,2020
2020-02-10,-1,154.25599670410156,7,2,2020
2020-02-11,2,154.87600708007812,7,2,2020
2020-02-12,-1,153.45799255371094,7,2,2020
2020-02-13,1,160.8000030517578,7,2,2020
2020-02-14,3,160.00599670410156,7,2,2020
2020-02-18,-2,171.67999267578125,8,2,2020
2020-02-19,6,183.48399353027344,8,2,2020
2020-02-20,1,179.8820037841797,8,2,2020
2020-02-21,1,180.1999969482422,8,2,2020
2020-02-24,0,166.75799560546875,9,2,2020
2020-02-25,1,159.98199462890625,9,2,2020
2020-02-26,2,155.75999450683594,9,2,2020
2020-02-27,0,135.8000030517578,9,2,2020
2020-02-28,2,133.59800720214844,9,2,2020
2020-03-02,3,148.7239990234375,10,3,2020
2020-03-03,1,149.1020050048828,10,3,2020
2020-03-04,2,149.89999389648438,10,3,2020
2020-03-05,2,144.9080047607422,10,3,2020
2020-03-06,2,140.6959991455078,10,3,2020
2020-03-09,3,121.5999984741211,11,3,2020
2020-03-10,2,129.0659942626953,11,3,2020
2020-03-11,1,126.84600067138672,11,3,2020
2020-03-12,4,112.11000061035156,11,3,2020
2020-03-13,3,109.3239974975586,11,3,2020
2020-03-16,1,89.01399993896484,12,3,2020
2020-03-17,1,86.04000091552734,12,3,2020
2020-03-18,-1,72.24400329589844,12,3,2020
2020-03-20,1,85.50599670410156,12,3,2020
2020-03-23,1,86.85800170898438,13,3,2020
2020-03-24,3,101.0,13,3,2020
2020-03-25,1,107.8499984741211,13,3,2020
2020-03-26,0,105.63200378417969,13,3,2020
2020-03-30,0,100.4260025024414,14,3,2020
2020-03-31,-1,104.80000305175781,14,3,2020
2020-04-01,1,96.31199645996094,14,4,2020
2020-04-02,-1,90.89399719238281,14,4,2020
2020-04-06,1,103.24800109863281,15,4,2020
2020-04-08,2,109.76799774169922,15,4,2020
2020-04-09,2,114.5999984741211,15,4,2020
2020-04-13,0,130.19000244140625,16,4,2020
2020-04-14,3,141.97799682617188,16,4,2020
2020-04-15,1,145.96600341796875,16,4,2020
2020-04-16,1,149.04200744628906,16,4,2020
2020-04-17,2,150.7779998779297,16,4,2020
2020-04-20,-2,149.27200317382812,17,4,2020
2020-04-21,-1,137.343994140625,17,4,2020
2020-04-22,2,146.4219970703125,17,4,2020
2020-04-24,3,145.02999877929688,17,4,2020
2020-04-27,4,159.75,18,4,2020
2020-04-28,0,153.82400512695312,18,4,2020
2020-04-29,0,160.1020050048828,18,4,2020
2020-04-30,-1,156.37600708007812,18,4,2020
2020-05-01,-1,140.26400756835938,18,5,2020
2020-05-04,0,152.23800659179688,19,5,2020
2020-05-05,5,153.64199829101562,19,5,2020
2020-05-06,-1,156.51600646972656,19,5,2020
2020-05-07,-1,156.00799560546875,19,5,2020
2020-05-08,-1,163.88400268554688,19,5,2020
2020-05-11,0,162.25799560546875,20,5,2020
2020-05-12,-2,161.8820037841797,20,5,2020
2020-05-13,-1,158.19200134277344,20,5,2020
2020-05-14,8,160.66600036621094,20,5,2020
2020-05-15,4,159.83399963378906,20,5,2020
2020-05-18,1,162.7259979248047,21,5,2020
2020-05-19,1,161.6020050048828,21,5,2020
2020-05-20,1,163.11199951171875,21,5,2020
2020-05-21,2,165.52000427246094,21,5,2020
2020-05-22,2,163.37600708007812,21,5,2020
2020-05-26,2,163.7740020751953,22,5,2020
2020-05-27,-1,164.04600524902344,22,5,2020
2020-05-28,2,161.16200256347656,22,5,2020
2020-05-29,1,167.0,22,5,2020
2020-06-01,1,179.6199951171875,23,6,2020
2020-06-02,1,176.31199645996094,23,6,2020
2020-06-03,0,176.5919952392578,23,6,2020
2020-06-04,0,172.87600708007812,23,6,2020
2020-06-05,0,177.1320037841797,23,6,2020
2020-06-08,7,189.98399353027344,24,6,2020
2020-06-09,3,188.13400268554688,24,6,2020
2020-06-10,1,205.00999450683594,24,6,2020
2020-06-11,2,194.5679931640625,24,6,2020
2020-06-12,1,187.05599975585938,24,6,2020
2020-06-15,2,198.17999267578125,25,6,2020
2020-06-16,1,196.42599487304688,25,6,2020
2020-06-18,3,200.79200744628906,25,6,2020
2020-06-19,2,200.17999267578125,25,6,2020
2020-06-22,-2,198.86399841308594,26,6,2020
2020-06-23,1,200.3560028076172,26,6,2020
2020-06-24,1,192.1699981689453,26,6,2020
2020-06-25,1,197.1959991455078,26,6,2020
2020-06-26,1,191.947998046875,26,6,2020
2020-06-29,0,201.8699951171875,27,6,2020
2020-06-30,-1,215.96200561523438,27,6,2020
2020-07-01,0,223.92599487304688,27,7,2020
2020-07-02,5,241.73199462890625,27,7,2020
2020-07-06,0,274.3160095214844,28,7,2020
2020-07-07,0,277.97198486328125,28,7,2020
2020-07-08,2,273.1759948730469,28,7,2020
2020-07-09,0,278.8559875488281,28,7,2020
2020-07-10,2,308.92999267578125,28,7,2020
2020-07-13,0,299.4119873046875,29,7,2020
2020-07-14,4,303.3599853515625,29,7,2020
2020-07-15,1,309.2019958496094,29,7,2020
2020-07-16,-2,300.12799072265625,29,7,2020
2020-07-17,2,300.1679992675781,29,7,2020
2020-07-20,0,328.6000061035156,30,7,2020
2020-07-21,3,313.6719970703125,30,7,2020
2020-07-22,-1,318.46600341796875,30,7,2020
2020-07-23,0,302.614013671875,30,7,2020
2020-07-24,-1,283.3999938964844,30,7,2020
2020-07-27,3,307.9200134277344,31,7,2020
2020-07-28,-1,295.2980041503906,31,7,2020
2020-07-29,1,299.8219909667969,31,7,2020
2020-07-31,1,286.1520080566406,31,7,2020
2020-08-03,0,297.0,32,8,2020
2020-08-04,3,297.3999938964844,32,8,2020
2020-08-05,0,297.0039978027344,32,8,2020
2020-08-06,2,297.9159851074219,32,8,2020
2020-08-07,1,290.5419921875,32,8,2020
2020-08-10,-2,283.7139892578125,33,8,2020
2020-08-11,1,274.87799072265625,33,8,2020
2020-08-12,4,310.9519958496094,33,8,2020
2020-08-13,0,324.20001220703125,33,8,2020
2020-08-14,4,330.1419982910156,33,8,2020
2020-08-17,2,367.12799072265625,34,8,2020
2020-08-18,0,377.4179992675781,34,8,2020
2020-08-19,2,375.70599365234375,34,8,2020
2020-08-21,2,409.9960021972656,34,8,2020
2020-08-24,-1,402.8399963378906,35,8,2020
2020-08-25,-1,404.6679992675781,35,8,2020
2020-08-26,2,430.6340026855469,35,8,2020
2020-08-27,3,447.75,35,8,2020
2020-08-28,0,442.67999267578125,35,8,2020
2020-08-31,-2,498.32000732421875,36,8,2020
2020-09-01,1,475.04998779296875,36,9,2020
2020-09-02,2,447.3699951171875,36,9,2020
2020-09-03,1,407.0,36,9,2020
2020-09-04,1,418.32000732421875,36,9,2020
2020-09-08,1,330.2099914550781,37,9,2020
2020-09-09,6,366.2799987792969,37,9,2020
2020-09-10,3,371.3399963378906,37,9,2020
2020-09-11,1,372.7200012207031,37,9,2020
2020-09-14,3,419.6199951171875,38,9,2020
2020-09-15,1,449.760009765625,38,9,2020
2020-09-16,1,441.760009765625,38,9,2020
2020-09-17,5,423.42999267578125,38,9,2020
2020-09-18,0,442.1499938964844,38,9,2020
2020-09-21,3,449.3900146484375,39,9,2020
2020-09-22,7,424.2300109863281,39,9,2020
2020-09-23,7,380.3599853515625,39,9,2020
2020-09-24,2,387.7900085449219,39,9,2020
2020-09-25,1,407.3399963378906,39,9,2020
2020-09-28,4,421.20001220703125,40,9,2020
2020-09-29,-1,419.07000732421875,40,9,2020
2020-09-30,-1,429.010009765625,40,9,2020
2020-10-01,2,448.1600036621094,40,10,2020
2020-10-02,3,415.0899963378906,40,10,2020
2020-10-05,3,425.67999267578125,41,10,2020
2020-10-06,2,413.9800109863281,41,10,2020
2020-10-07,1,425.29998779296875,41,10,2020
2020-10-08,0,425.9200134277344,41,10,2020
2020-10-09,3,434.0,41,10,2020
2020-10-12,0,442.29998779296875,42,10,2020
2020-10-13,-1,446.6499938964844,42,10,2020
2020-10-14,1,461.29998779296875,42,10,2020
2020-10-15,0,448.8800048828125,42,10,2020
2020-10-16,0,439.6700134277344,42,10,2020
2020-10-19,0,430.8299865722656,43,10,2020
2020-10-20,2,421.94000244140625,43,10,2020
2020-10-21,3,422.6400146484375,43,10,2020
2020-10-22,1,425.7900085449219,43,10,2020
2020-10-23,3,420.6300048828125,43,10,2020
2020-10-26,3,420.2799987792969,44,10,2020
2020-10-27,4,424.67999267578125,44,10,2020
2020-10-28,2,406.0199890136719,44,10,2020
2020-10-29,0,410.8299865722656,44,10,2020
2020-10-30,1,388.0400085449219,44,10,2020
2020-11-02,0,400.510009765625,45,11,2020
2020-11-03,0,423.8999938964844,45,11,2020
2020-11-04,0,420.9800109863281,45,11,2020
2020-11-05,-1,438.0899963378906,45,11,2020
2020-11-06,2,429.95001220703125,45,11,2020
2020-11-09,1,421.260009765625,46,11,2020
2020-11-10,1,410.3599853515625,46,11,2020
2020-11-11,-3,417.1300048828125,46,11,2020
2020-11-12,2,411.760009765625,46,11,2020
2020-11-13,-1,408.5,46,11,2020
2020-11-16,2,408.0899963378906,47,11,2020
2020-11-17,6,441.6099853515625,47,11,2020
2020-11-18,0,486.6400146484375,47,11,2020
2020-11-19,-1,499.2699890136719,47,11,2020
2020-11-20,0,489.6099853515625,47,11,2020
2020-11-23,1,521.8499755859375,48,11,2020
2020-11-24,0,555.3800048828125,48,11,2020
2020-11-25,1,574.0,48,11,2020
2020-11-27,-1,585.760009765625,48,11,2020
2020-11-30,-1,567.5999755859375,49,11,2020
2020-12-01,3,584.760009765625,49,12,2020
2020-12-02,2,568.8200073242188,49,12,2020
2020-12-03,1,593.3800048828125,49,12,2020
2020-12-04,1,599.0399780273438,49,12,2020
2020-12-07,1,641.760009765625,50,12,2020
2020-12-08,1,649.8800048828125,50,12,2020
2020-12-09,-1,604.47998046875,50,12,2020
2020-12-10,-1,627.0700073242188,50,12,2020
2020-12-11,1,609.989990234375,50,12,2020
2020-12-14,1,639.8300170898438,51,12,2020
2020-12-15,1,633.25,51,12,2020
2020-12-16,3,622.77001953125,51,12,2020
2020-12-17,-1,655.9000244140625,51,12,2020
2020-12-18,3,695.0,51,12,2020
2020-12-21,0,649.8599853515625,52,12,2020
2020-12-22,5,640.3400268554688,52,12,2020
2020-12-23,0,645.97998046875,52,12,2020
2020-12-24,0,661.77001953125,52,12,2020
2020-12-28,2,663.6900024414062,53,12,2020
2020-12-29,-3,665.989990234375,53,12,2020
2020-12-30,-2,694.780029296875,53,12,2020
2021-01-04,4,729.77001953125,1,1,2021
2021-01-05,12,735.1099853515625,1,1,2021
2021-01-06,5,755.97998046875,1,1,2021
2021-01-07,-2,816.0399780273438,1,1,2021
2021-01-08,5,880.02001953125,1,1,2021
2021-01-11,4,811.1900024414062,2,1,2021
2021-01-12,6,849.4400024414062,2,1,2021
2021-01-13,7,854.4099731445312,2,1,2021
2021-01-14,2,845.0,2,1,2021
2021-01-15,3,826.1599731445312,2,1,2021
2021-01-19,1,844.5499877929688,3,1,2021
2021-01-20,6,850.4500122070312,3,1,2021
2021-01-21,3,844.989990234375,3,1,2021
2021-01-22,1,846.6400146484375,3,1,2021
2021-01-25,1,880.7999877929688,4,1,2021
2021-01-26,0,883.0900268554688,4,1,2021
2021-01-27,-7,864.1599731445312,4,1,2021
2021-01-28,-2,835.4299926757812,4,1,2021
2021-01-29,0,793.530029296875,4,1,2021
2021-02-01,-2,839.8099975585938,5,2,2021
2021-02-02,1,872.7899780273438,5,2,2021
2021-02-03,-1,854.6900024414062,5,2,2021
2021-02-04,2,849.989990234375,5,2,2021
2021-02-05,5,852.22998046875,5,2,2021
2021-02-08,1,863.4199829101562,6,2,2021
2021-02-09,2,849.4600219726562,6,2,2021
2021-02-10,1,804.8200073242188,6,2,2021
2021-02-11,0,811.6599731445312,6,2,2021
2021-02-12,3,816.1199951171875,6,2,2021
2021-02-16,-3,796.219970703125,7,2,2021
2021-02-17,1,798.1500244140625,7,2,2021
2021-02-18,1,787.3800048828125,7,2,2021
2021-02-19,1,781.2999877929688,7,2,2021
2021-02-22,3,714.5,8,2,2021
2021-02-23,4,698.8400268554688,8,2,2021
2021-02-24,4,742.02001953125,8,2,2021
2021-02-25,9,682.219970703125,8,2,2021
2021-02-26,1,675.5,8,2,2021
2021-03-01,0,718.4299926757812,9,3,2021
2021-03-02,0,686.4400024414062,9,3,2021
2021-03-03,4,653.2000122070312,9,3,2021
2021-03-04,4,621.4400024414062,9,3,2021
2021-03-05,2,597.9500122070312,9,3,2021
2021-03-08,3,563.0,10,3,2021
2021-03-09,2,673.5800170898438,10,3,2021
2021-03-11,3,699.5999755859375,10,3,2021
2021-03-12,-1,693.72998046875,10,3,2021
2021-03-15,0,707.9400024414062,11,3,2021
2021-03-16,5,676.8800048828125,11,3,2021
2021-03-17,2,701.8099975585938,11,3,2021
2021-03-18,0,653.1599731445312,11,3,2021
2021-03-19,2,654.8699951171875,11,3,2021
2021-03-22,2,670.0,12,3,2021
2021-03-23,2,662.1599731445312,12,3,2021
2021-03-24,-6,630.27001953125,12,3,2021
2021-03-25,-4,640.3900146484375,12,3,2021
2021-03-26,-1,618.7100219726562,12,3,2021
2021-03-29,2,611.2899780273438,13,3,2021
2021-03-30,2,635.6199951171875,13,3,2021
2021-03-31,2,667.9299926757812,13,3,2021
2021-04-01,2,661.75,13,4,2021
2021-04-05,1,691.0499877929688,14,4,2021
2021-04-06,-1,691.6199951171875,14,4,2021
2021-04-07,-6,670.969970703125,14,4,2021
2021-04-08,0,683.7999877929688,14,4,2021
2021-04-09,3,677.02001953125,14,4,2021
2021-04-12,6,701.97998046875,15,4,2021
2021-04-13,0,762.3200073242188,15,4,2021
2021-04-14,2,732.22998046875,15,4,2021
2021-04-15,2,738.8499755859375,15,4,2021
2021-04-16,3,739.780029296875,15,4,2021
2021-04-19,3,714.6300048828125,16,4,2021
2021-04-20,2,718.989990234375,16,4,2021
2021-04-21,3,744.1199951171875,16,4,2021
2021-04-22,0,719.6900024414062,16,4,2021
2021-04-23,1,729.4000244140625,16,4,2021
2021-04-26,-4,738.2000122070312,17,4,2021
2021-04-27,2,704.739990234375,17,4,2021
2021-04-28,4,694.4000244140625,17,4,2021
2021-04-29,-3,677.0,17,4,2021
2021-04-30,5,709.4400024414062,17,4,2021
2021-05-03,1,684.9000244140625,18,5,2021
2021-05-04,-1,673.5999755859375,18,5,2021
2021-05-05,-1,670.9400024414062,18,5,2021
2021-05-06,2,663.5399780273438,18,5,2021
2021-05-07,-2,672.3699951171875,18,5,2021
2021-05-10,2,629.0399780273438,19,5,2021
2021-05-11,-2,617.2000122070312,19,5,2021
2021-05-12,-2,589.8900146484375,19,5,2021
2021-05-13,-2,571.6900024414062,19,5,2021
2021-05-14,1,589.739990234375,19,5,2021
2021-05-17,-3,576.8300170898438,20,5,2021
2021-05-18,4,577.8699951171875,20,5,2021
2021-05-19,-7,563.4600219726562,20,5,2021
2021-05-20,-1,586.780029296875,20,5,2021
2021-05-21,3,580.8800048828125,20,5,2021
2021-05-24,2,606.4400024414062,21,5,2021
2021-05-25,0,604.6900024414062,21,5,2021
2021-05-26,1,619.1300048828125,21,5,2021
2021-05-27,0,630.8499755859375,21,5,2021
2021-05-28,0,625.219970703125,21,5,2021
2021-06-01,4,623.9000244140625,22,6,2021
2021-06-02,5,605.1199951171875,22,6,2021
2021-06-03,3,572.8400268554688,22,6,2021
2021-06-04,1,599.0499877929688,22,6,2021
2021-06-07,2,605.1300048828125,23,6,2021
2021-06-08,0,603.5900268554688,23,6,2021
2021-06-09,-1,598.780029296875,23,6,2021
2021-06-10,1,610.1199951171875,23,6,2021
2021-06-11,3,609.8900146484375,23,6,2021
2021-06-14,1,617.6900024414062,24,6,2021
2021-06-15,1,599.3599853515625,24,6,2021
2021-06-16,0,604.8699951171875,24,6,2021
